Gene;Ratio;p_value;FDR;hits
FBXO27;1,014431121;0,998765778;0,998765778;FALSE
KLHL38;1,083588769;0,996353436;0,997752809;FALSE
8-Mar;1,13295545;0,995063114;0,997752809;FALSE
DCAF17;1,350782328;0,994361851;0,997752809;FALSE
CDC20;1,017319069;0,987826087;0,993399154;FALSE
RNF167;0,979319593;0,985834502;0,99279661;FALSE
RASD2;1,073776339;0,984263675;0,99261669;FALSE
RPL37;0,741436791;0,984263675;0,99261669;FALSE
KLHL23;0,993194323;0,984123422;0,99261669;FALSE
WDR5B;1,00461309;0,982159888;0,99261669;FALSE
NAE1;0,837053314;0,981262272;0,99261669;FALSE
KLHL24;0,957846258;0,98056101;0,99261669;FALSE
FZR1;1,030051597;0,979242637;0,99261669;FALSE
TRIM3;0,975065646;0,978429173;0,99261669;FALSE
OTUD7A;0,870119166;0,977419355;0,99261669;FALSE
CSH1;0,857725268;0,976661992;0,99261669;FALSE
TRIM37;1,20165892;0,976661992;0,99261669;FALSE
HECW1;0,904151781;0,975736325;0,99261669;FALSE
TRIM56;1,109833863;0,97371669;0,99261669;FALSE
TRIM21;1,211445531;0,973632539;0,99261669;FALSE
KBTBD11;1,325478753;0,972791024;0,99261669;FALSE
KLHL5;0,935609381;0,970995792;0,99261669;FALSE
RNF19B;1,141090901;0,969817672;0,99261669;FALSE
TRIM9;0,961591401;0,968920056;0,99261669;FALSE
KLHL25;0,857036206;0,968835905;0,99261669;FALSE
TRIML2;1,237856077;0,968835905;0,99261669;FALSE
UBE2V1;0,920058499;0,967573633;0,99261669;FALSE
RNF170;1,017133972;0,966535764;0,99261669;FALSE
MYSM1;0,931566528;0,963842917;0,99261669;FALSE
EED;1,100857491;0,963814867;0,99261669;FALSE
RNF38;0,901413904;0,961206171;0,99261669;FALSE
ASB5;1,103775768;0,958625526;0,99261669;FALSE
BMI1;1,026972793;0,958625526;0,99261669;FALSE
KLHL36;0,901297788;0,958625526;0,99261669;FALSE
TRIM62;0,836997892;0,958373072;0,99261669;FALSE
HOXB4;1,105538207;0,95542777;0,99261669;FALSE
BRWD1;1,066227759;0,955035063;0,99261669;FALSE
ZSWIM2;1,066193622;0,954109397;0,99261669;FALSE
RNF144B;1,161555589;0,950406732;0,99261669;FALSE
KLHL30;1,054899823;0,948835905;0,99261669;FALSE
SH3RF1;1,050123671;0,948330996;0,99261669;FALSE
FBXO7;0,886044972;0,946227209;0,99261669;FALSE
NEURL2;0,874148887;0,944656381;0,99261669;FALSE
LRSAM1;0,88636605;0,942776999;0,99261669;FALSE
NSMCE1;1,1069166;0,940617111;0,99261669;FALSE
KLHL18;0,960816322;0,939579243;0,99261669;FALSE
RNF146;1,271346837;0,937363254;0,99261669;FALSE
RFFL;1,148342851;0,936886396;0,99261669;FALSE
RNF145;1,012816672;0,934221599;0,99261669;FALSE
FBXL14;1,027051284;0,932089762;0,99261669;FALSE
SOCS7;0,993982263;0,9314446;0,99261669;FALSE
DTX3L;0,874561958;0,928611501;0,99261669;FALSE
SOCS4;0,799811297;0,925862553;0,99261669;FALSE
USPL1;1,127594676;0,922187938;0,99261669;FALSE
RNF180;0,991802301;0,908807854;0,983277693;FALSE
PIAS2;0,903552088;0,907265077;0,983100304;FALSE
TRIM31;0,827600192;0,90345021;0,980456621;FALSE
MIB1;0,921983246;0,900252454;0,97847561;FALSE
UNKL;1,022531627;0,898793829;0,978381679;FALSE
STAMBP;0,925633666;0,896718093;0,977614679;FALSE
TRIML1;0,853757934;0,896718093;0,977614679;FALSE
UBE2T;1,247642484;0,894417952;0,977614679;FALSE
USP54;1,09237308;0,89200561;0,976958525;FALSE
KBTBD6;0,992552209;0,891023843;0,976958525;FALSE
SOCS1;0,974667892;0,890518934;0,976958525;FALSE
TRIM63;1,125606022;0,886928471;0,975895062;FALSE
NUP43;0,864051957;0,885974755;0,975895062;FALSE
OTUD6A;1,098229792;0,883870968;0,975541796;FALSE
TRIM58;0,956309385;0,880448808;0,973271318;FALSE
MYCBP2;0,876480594;0,879214586;0,973271318;FALSE
FANCL;1,406304941;0,877447405;0,972970451;FALSE
CCNB1IP1;1,184169839;0,87654979;0,972970451;FALSE
PPIL2;0,997002385;0,875792426;0,972970451;FALSE
MEX3C;1,002573283;0,873323983;0,9729375;FALSE
RNF5;1,00273332;0,873323983;0,9729375;FALSE
KLHL26;1,015576167;0,872061711;0,9729375;FALSE
UBE2W;1,056164029;0,867040673;0,970486656;FALSE
4-Mar;0,973900442;0,866002805;0,970486656;FALSE
DTX1;0,915152367;0,864403927;0,970486656;FALSE
UBE2D4;1,373456543;0,864403927;0,970486656;FALSE
TNFAIP1;1,163852461;0,862440393;0,970486656;FALSE
FBXO44;0,926476516;0,860897616;0,970486656;FALSE
PDZRN3;0,879463597;0,857643759;0,969096672;FALSE
STC1;0,881950565;0,856269285;0,969079365;FALSE
CNOT4;0,98887921;0,854670407;0,968807631;FALSE
ANAPC1;1,120894304;0,852230014;0,967579618;FALSE
G2E3;1,079477597;0,851837307;0,967579618;FALSE
TRAF2;0,872286451;0,851837307;0,967579618;FALSE
FBXO9;0,825011598;0,848078541;0,967488;FALSE
STUB1;1,246628525;0,843758766;0,964102564;FALSE
IFNA10;1,003719824;0,843085554;0,964102564;FALSE
KLHL10;1,160189111;0,840841515;0,963858521;FALSE
CBX4;0,746609697;0,838821879;0,963091787;FALSE
CYLC2;1,179817532;0,837924264;0,963091787;FALSE
TRIM25;1,140405684;0,837279102;0,963091787;FALSE
KCTD13;0,873816585;0,835624123;0,963091787;FALSE
KLHL8;0,981982913;0,834670407;0,963091787;FALSE
FBXO21;0,99548927;0,834249649;0,963091787;FALSE
KLHL42;1,251012477;0,834193548;0,963091787;FALSE
CREBBP;1,0813228;0,832959327;0,963091787;FALSE
PCGF1;1,063208019;0,83029453;0,963091787;FALSE
DTX3;0,980675627;0,822384292;0,958104575;FALSE
UBE2D3;1,046264522;0,821374474;0,958104575;FALSE
AHR;0,928494353;0,82115007;0,958104575;FALSE
FEM1B;1,013298189;0,820308555;0,958104575;FALSE
FBXL7;0,848778343;0,818541374;0,958104575;FALSE
TRPC4AP;0,851857723;0,818541374;0,958104575;FALSE
SOCS6;1,153414868;0,817840112;0,958104575;FALSE
FBXO8;0,933757882;0,812734923;0,957818182;FALSE
FBXL3;0,800031116;0,810743338;0,95705298;FALSE
RAB40C;1,09761618;0,809312763;0,95694859;FALSE
SIAH1;0,886823203;0,809032258;0,95694859;FALSE
F9;1,193696032;0,807741935;0,95694859;FALSE
RNF187;0,902313879;0,807741935;0,95694859;FALSE
MGRN1;0,890179435;0,807657784;0,95694859;FALSE
RNF165;1,004106732;0,807657784;0,95694859;FALSE
UEVLD;0,959037229;0,807321178;0,95694859;FALSE
WDR12;0,904123159;0,801458626;0,95694859;FALSE
BRCA1;1,013660291;0,798709677;0,95694859;FALSE
BFAR;1,008728435;0,794726508;0,953939394;FALSE
CHFR;0,899119507;0,790911641;0,950961214;FALSE
UBE3B;0,925017807;0,790603086;0,950961214;FALSE
FBXO4;0,920449919;0,789368864;0,950961214;FALSE
FBXW2;0,961558243;0,788359046;0,950961214;FALSE
USP48;1,057915383;0,785525947;0,95089983;FALSE
FBXO2;1,045891982;0,784740533;0,95089983;FALSE
IRF2BPL;1,126647813;0,781879383;0,949710392;FALSE
DCAF12;0,82671226;0,781795231;0,949710392;FALSE
PELI2;1,040452947;0,777840112;0,948034188;FALSE
USP15;0,937239713;0,777391304;0,948034188;FALSE
UBR7;1,097028796;0,775848527;0,948034188;FALSE
RNF168;0,955417958;0,774474053;0,948034188;FALSE
ITCH;0,919446971;0,773856942;0,948034188;FALSE
ZNF645;0,949158353;0,77029453;0,946931034;FALSE
LITAF;0,865212214;0,766563815;0,943972366;FALSE
ANAPC4;0,915970758;0,765806452;0,943972366;FALSE
SNRNP40;0,919364482;0,762973352;0,942807626;FALSE
DTX4;0,863967257;0,760140252;0,9409375;FALSE
TRAF4;1,009403175;0,758962132;0,9409375;FALSE
FBXL4;1,055685413;0,758148668;0,9409375;FALSE
TLE1;0,933740835;0,753772791;0,937940663;FALSE
TRIM41;0,920923316;0,752033661;0,937412587;FALSE
RNF141;0,98006651;0,751584853;0,937412587;FALSE
RAG1;1,16644622;0,751107994;0,937412587;FALSE
RPL27;0,846313472;0,743197756;0,931282953;FALSE
AREL1;1,278470475;0,742608696;0,931282953;FALSE
CRBN;0,883792628;0,740196353;0,930793651;FALSE
RBX1;0,999303788;0,739831697;0,930793651;FALSE
KCTD21;0,812859929;0,729312763;0,920353982;FALSE
TRIM13;0,997689509;0,72911641;0,920353982;FALSE
UFL1;1,256917233;0,727713885;0,920353982;FALSE
USP40;0,951878021;0,726984572;0,920353982;FALSE
BIRC7;0,945708519;0,726367461;0,920353982;FALSE
MALT1;1,072594427;0,724516129;0,920353982;FALSE
PEX10;0,901155223;0,721879383;0,920353982;FALSE
RAD18;1,072501117;0,717335203;0,916594982;FALSE
CUL7;1,059065771;0,710631136;0,909658887;FALSE
TRIM2;0,794277474;0,710182328;0,909658887;FALSE
KBTBD13;1,197007291;0,709677419;0,909658887;FALSE
ANAPC11;0,916361175;0,709284712;0,909658887;FALSE
PCGF2;0,812702446;0,708218794;0,909658887;FALSE
USP12;0,936614219;0,704712482;0,909658887;FALSE
ZRANB1;1,07471748;0,703955119;0,909658887;FALSE
KBTBD3;0,827973935;0,700701262;0,908363636;FALSE
HDAC4;0,920828585;0,698569425;0,907249545;FALSE
OTUB2;1,217643522;0,697194951;0,907116788;FALSE
ANAPC5;1,046109907;0,694950912;0,905850091;FALSE
GAN;1,179188551;0,694950912;0,905850091;FALSE
NSMCE2;0,929271651;0,692678822;0,905850091;FALSE
UBOX5;0,958908471;0,692145863;0,905850091;FALSE
UHRF1;0,860100999;0,689509116;0,905377532;FALSE
RNF34;0,76751488;0,688527349;0,905377532;FALSE
UBE2QL1;0,929971258;0,687349229;0,905377532;FALSE
MBD3L1;1,276096977;0,68286115;0,90162963;FALSE
RNF138;1,310526816;0,68286115;0,90162963;FALSE
PIAS4;0,91837341;0,681570827;0,90162963;FALSE
RCHY1;0,780341542;0,679943899;0,90162963;FALSE
FBXO6;0,82956687;0,67941094;0,90162963;FALSE
KBTBD8;1,058745964;0,675399719;0,90011215;FALSE
ZNRF1;0,786878642;0,672314165;0,897677903;FALSE
KLHL28;1,223307655;0,672173913;0,897677903;FALSE
10-Mar;0,915343757;0,66973352;0,897593985;FALSE
ASB10;0,973043283;0,667573633;0,896384181;FALSE
ARNT;1,002413503;0,667152875;0,896384181;FALSE
STAMBPL1;1,280150944;0,665105189;0,896384181;FALSE
ASB1;0,892151011;0,662384292;0,894469697;FALSE
RHOBTB2;1,01872597;0,662159888;0,894469697;FALSE
PDLIM2;0,80940198;0,662103787;0,894469697;FALSE
USP28;0,816279013;0,659270687;0,894469697;FALSE
RNF2;0,946155616;0,658401122;0,894469697;FALSE
UBE2G2;1,082421563;0,65713885;0,894469697;FALSE
ZNRF3;1,021308771;0,65657784;0,894469697;FALSE
CDC26;0,934007939;0,655483871;0,894469697;FALSE
HECTD2;1,049446684;0,655483871;0,894469697;FALSE
YOD1;1,225302314;0,64858345;0,891021195;FALSE
KAT2B;0,925026858;0,646984572;0,890540541;FALSE
UBE2E3;0,862937515;0,644908836;0,889400387;FALSE
MPND;1,379947783;0,640981767;0,885697674;FALSE
HACE1;0,938710388;0,639214586;0,884970874;FALSE
RNF31;1,167906147;0,638793829;0,884970874;FALSE
MAGEB4;0,986962068;0,635568022;0,883352827;FALSE
NHLRC1;0,878692147;0,634558205;0,883352827;FALSE
NFX1;0,939078222;0,63256662;0,882622309;FALSE
TRIM6;0,834403966;0,628723703;0,878980392;FALSE
KLHL21;1,083187269;0,627152875;0,878506876;FALSE
KLHL29;1,177781428;0,621037868;0,871653543;FALSE
PELI1;1,114675556;0,62058906;0,871653543;FALSE
TBL1XR1;1,064248568;0,617643759;0,870316206;FALSE
RNF181;1,068891426;0,616605891;0,870316206;FALSE
MUL1;0,978206331;0,616044881;0,870316206;FALSE
RNF20;1,013200575;0,615568022;0,870316206;FALSE
ASB14;1,092726578;0,613632539;0,870316206;FALSE
ATXN3;0,776703273;0,612791024;0,870316206;FALSE
RNF185;1,047064801;0,612258065;0,870316206;FALSE
DDB1;0,78272279;0,611164095;0,870316206;FALSE
TULP4;0,999685789;0,611164095;0,870316206;FALSE
RNF40;0,863202732;0,61029453;0,870316206;FALSE
ZMIZ2;0,97198766;0,608471248;0,870316206;FALSE
RNF150;0,995171237;0,607124825;0,870316206;FALSE
GPR50;0,841744704;0,6057223;0,870316206;FALSE
MID1;1,086380812;0,604235624;0,870316206;FALSE
UBR1;1,341517709;0,603001403;0,870316206;FALSE
FBXW11;1,174419954;0,599691445;0,870316206;FALSE
TLE3;0,938431726;0,59943899;0,870316206;FALSE
KLHL4;0,922454701;0,597812062;0,870316206;FALSE
RWDD3;1,258129166;0,596465638;0,870316206;FALSE
RNF217;1,066679016;0,595287518;0,870316206;FALSE
RNF6;1,068121208;0,592145863;0,86872428;FALSE
USP42;0,898389961;0,591276297;0,86872428;FALSE
USP32P3;0,829496055;0,591220196;0,86872428;FALSE
TRIM11;1,080380394;0,589677419;0,86872428;FALSE
DCAF5;0,893476995;0,58858345;0,86872428;FALSE
USP26;0,87525796;0,579635344;0,859209979;FALSE
PWP1;0,666539926;0,577531557;0,857875;FALSE
DCUN1D1;0,960190758;0,5771669;0,857875;FALSE
HECTD3;1,193099035;0,576942496;0,857875;FALSE
RNF144A;0,903586475;0,57657784;0,857875;FALSE
UBE2U;0,98816296;0,576437588;0,857875;FALSE
UBE2G1;0,985156554;0,575203366;0,857875;FALSE
UCHL5;1,062040436;0,57259467;0,857875;FALSE
USP37;1,339755298;0,571500701;0,857875;FALSE
TLE2;0,84851611;0,571248247;0,857875;FALSE
ASB17;0,799004536;0,569873773;0,857875;FALSE
NOSIP;0,832694635;0,567966339;0,857875;FALSE
TBL1X;0,812448829;0,565357644;0,857875;FALSE
FBXO22;1,073842916;0,564375877;0,857875;FALSE
RNF152;0,914468384;0,564375877;0,857875;FALSE
TRIM43B;0,808657002;0,560925666;0,857875;FALSE
TRIM22;0,725119001;0,559719495;0,857875;FALSE
WDR53;1,192440563;0,556297335;0,854827586;FALSE
FBXO3;0,961465297;0,553800842;0,852829374;FALSE
USP43;0,775040354;0,550771388;0,85;FALSE
MKRN3;0,874239069;0,549228612;0,849457701;FALSE
ANKIB1;1,048194748;0,54743338;0,848521739;FALSE
DCUN1D2;0,783511235;0,547180926;0,848521739;FALSE
RNF175;0,670497348;0,540224404;0,841004367;FALSE
TOPORS;1,123758152;0,538653576;0,840393873;FALSE
TRIM35;1,120558311;0,537531557;0,840393873;FALSE
TRIM51;1,184760169;0,536409537;0,840393873;FALSE
DCUN1D3;0,798400957;0,535708275;0,840393873;FALSE
DCAF16;1,228230751;0,532117812;0,837527594;FALSE
ATG16L1;0,762945359;0,529060309;0,834557522;FALSE
ZNRF2;1,141066846;0,528302945;0,834557522;FALSE
UBE2L3;0,7464187;0,528134642;0,834557522;FALSE
USP3;1,328796064;0,525890603;0,834557522;FALSE
FBXO45;1,15942779;0,525862553;0,834557522;FALSE
USP6;0,904301943;0,524600281;0,834557522;FALSE
UFC1;1,176614498;0,524460028;0,834557522;FALSE
TAF1D;1,071942835;0,520953717;0,834557522;FALSE
FBXO42;1,158299104;0,518513324;0,832657658;FALSE
AMBRA1;1,124130544;0,518204769;0,832657658;FALSE
CUL4A;0,867636175;0,513997195;0,829140271;FALSE
RPL14;0,717958313;0,510518934;0,825396825;FALSE
DZIP3;1,20792569;0,507124825;0,821772727;FALSE
KLHL15;1,366470469;0,501991585;0,815307517;FALSE
USP25;0,70110382;0,498541374;0,811552511;FALSE
TRIP12;0,924244043;0,497419355;0,811552511;FALSE
TRIM8;1,212579738;0,496914446;0,811552511;FALSE
CUL4B;1,348470772;0,49654979;0,811552511;FALSE
USP17L26;1,073979232;0,493744741;0,811152074;FALSE
TMF1;1,144169961;0,492145863;0,81039261;FALSE
USP30;1,266242834;0,492145863;0,81039261;FALSE
RNF13;0,776872367;0,492089762;0,81039261;FALSE
6-Mar;1,14731199;0,486002805;0,805860465;FALSE
RNF114;0,919516981;0,485413745;0,805860465;FALSE
E4F1;1,031428471;0,483899018;0,805860465;FALSE
TRAF3IP2;1,235071264;0,482440393;0,80557377;FALSE
ATG10;1,182610778;0,482103787;0,80557377;FALSE
USP2;0,777530447;0,481767181;0,80557377;FALSE
USP4;1,211377782;0,481065919;0,80557377;FALSE
SYVN1;1,288234467;0,480785414;0,80557377;FALSE
TTC3;0,938273623;0,476942496;0,80557377;FALSE
PARP11;0,672168662;0,475287518;0,804940618;FALSE
OTUD4;0,932111534;0,470462833;0,798666667;FALSE
PHIP;1,060483269;0,468527349;0,797279236;FALSE
RNF125;0,857715822;0,466676017;0,796028708;FALSE
USP20;1,385148351;0,4657223;0,796028708;FALSE
TSG101;0,831357624;0,465582048;0,796028708;FALSE
UBE2Z;0,69346123;0,465582048;0,796028708;FALSE
VPS41;1,151545597;0,46513324;0,796028708;FALSE
POC1B;1,111082408;0,463590463;0,796028708;FALSE
FBXO25;1,018390139;0,463253857;0,796028708;FALSE
BARD1;0,841598419;0,462468443;0,796028708;FALSE
ABTB1;1,063434755;0,462440393;0,796028708;FALSE
ASB11;0,814503727;0,462103787;0,796028708;FALSE
TRIM27;0,739534098;0,460476858;0,796028708;FALSE
KBTBD7;1,091501191;0,45943899;0,796028708;FALSE
FBXL6;0,952620832;0,459130435;0,796028708;FALSE
UBE2D1;0,857338185;0,454165498;0,796028708;FALSE
RNF123;1,140078709;0,446676017;0,788316832;FALSE
RNF149;0,753055789;0,446058906;0,788316832;FALSE
USP24;0,907160707;0,444740533;0,788316832;FALSE
WDR5;1,198362612;0,440645161;0,783491272;FALSE
CORO7;0,896580784;0,439859748;0,783491272;FALSE
RNFT1;1,266172883;0,437784011;0,782305764;FALSE
FBXW10;0,925506983;0,432173913;0,774221106;FALSE
CADPS2;1,521977968;0,429985975;0,772241814;FALSE
HERC3;0,869125861;0,428723703;0,771919192;FALSE
KCTD10;1,135124103;0,42687237;0,770531646;FALSE
ATXN3L;0,896102319;0,425301543;0,76964467;FALSE
BTRC;1,318628714;0,423870968;0,769007634;FALSE
WDR82;1,496794188;0,423197756;0,769007634;FALSE
BACH2;1,243527089;0,42112202;0,767928389;FALSE
WDR26;1,050290391;0,41887798;0,765794872;FALSE
RHOBTB1;0,716581581;0,418653576;0,765794872;FALSE
RPL7;0,933452996;0,412678822;0,758350515;FALSE
ZFP91;0,586495448;0,412678822;0,758350515;FALSE
PELI3;0,80814712;0,411697055;0,758350515;FALSE
BIRC8;0,974755838;0,411500701;0,758350515;FALSE
BIRC6;0,829203471;0,409901823;0,758350515;FALSE
TRAF3;0,905479509;0,4085554;0,758350515;FALSE
MKRN1;0,909325009;0,406143058;0,758062827;FALSE
LTN1;1,179321757;0,402103787;0,752493438;FALSE
CDCA3;1,082534047;0,40173913;0,752493438;FALSE
USP35;0,763179594;0,400673212;0,752493438;FALSE
KBTBD2;0,879740687;0,398681627;0,752010582;FALSE
HERC4;0,823946799;0,397391304;0,751564987;FALSE
RACK1;0,702955956;0,395063114;0,749148936;FALSE
DCAF6;0,982657703;0,393772791;0,748693333;FALSE
RBCK1;1,270657759;0,393520337;0,748693333;FALSE
HERC6;0,839523857;0,393380084;0,748693333;FALSE
RNF19A;1,528788152;0,393211781;0,748693333;FALSE
CDC34;1,16505491;0,391107994;0,748693333;FALSE
DCAF10;1,166279066;0,390014025;0,748693333;FALSE
BACH1;1,199954524;0,387237027;0,748238482;FALSE
PRKN;0,705543768;0,386171108;0,748206522;FALSE
FBXL15;1,277338825;0,38457223;0,747138965;FALSE
IRF2BP1;1,195844717;0,384207574;0,747138965;FALSE
RPL24;0,909623189;0,383253857;0,747138965;FALSE
RNF26;1,351201035;0,38171108;0,747138965;FALSE
KLHL13;0,996077162;0,381037868;0,747138965;FALSE
RC3H1;1,156553483;0,379046283;0,746574586;FALSE
HERC2;1,22956732;0,377671809;0,745927978;FALSE
GRWD1;1,078574889;0,377419355;0,745927978;FALSE
BRCC3;1,543318265;0,3771669;0,745927978;FALSE
ANAPC10;1,153649098;0,376661992;0,745927978;FALSE
SPOP;1,205538444;0,376072931;0,745927978;FALSE
RNF7;1,202555432;0,375119215;0,745927978;FALSE
RNF4;1,18312527;0,374754558;0,745927978;FALSE
RLIM;1,050914356;0,369228612;0,743672316;FALSE
ASB3;1,226508577;0,368078541;0,743456091;FALSE
UBE3A;1,09905733;0,364291725;0,737897727;FALSE
RNF151;0,783999848;0,361093969;0,733504274;FALSE
5-Mar;1,456548534;0,360897616;0,733504274;FALSE
RNF130;1,349964733;0,360897616;0,733504274;FALSE
LNX1;0,900566192;0,360785414;0,733504274;FALSE
TRIM68;1,240619862;0,359831697;0,733504274;FALSE
UBR3;1,211231877;0,358008415;0,733504274;FALSE
TRIM39;0,869877511;0,35657784;0,733504274;FALSE
HECTD4;1,442127192;0,351921459;0,729418605;FALSE
FBXO11;1,211655244;0,350406732;0,728396501;FALSE
TRIM15;1,026313904;0,349256662;0,728128655;FALSE
RANBP2;0,91135476;0,349004208;0,728128655;FALSE
RPL18;1,27131886;0,348162693;0,728128655;FALSE
USP33;1,298010514;0,347854137;0,728128655;FALSE
AURKA;0,900169784;0,347741935;0,728128655;FALSE
RBBP7;0,824573641;0,34687237;0,728128655;FALSE
USP1;0,779023427;0,346647966;0,728128655;FALSE
ASB2;1,146280545;0,343281907;0,728128655;FALSE
TRIM24;0,854305873;0,341065919;0,728083832;FALSE
WWP1;0,923705769;0,336605891;0,720720721;FALSE
UBE2V2;0,803988352;0,335764376;0,720720721;FALSE
USP9Y;1,274742387;0,335652174;0,720720721;FALSE
UBE2F;1,607046531;0,335147265;0,720720721;FALSE
SPSB3;0,680443706;0,333548387;0,720720721;FALSE
TRIM17;1,092836255;0,331051893;0,719634146;FALSE
OTUD6B;1,084550333;0,330042076;0,719633028;FALSE
UCHL1;1,190032614;0,326760168;0,714662577;FALSE
RNF126;0,896372795;0,326535764;0,714662577;FALSE
USP44;1,078428859;0,321570827;0,707654321;FALSE
USP32;0,764850162;0,31826087;0,7025387;FALSE
TRIM69;1,471962878;0,317840112;0,7025387;FALSE
WSB2;1,154727689;0,317840112;0,7025387;FALSE
IRAK4;0,897337839;0,315119215;0,702125;FALSE
ASB9;1,235402583;0,314193548;0,702125;FALSE
TRIM54;1,79117329;0,312987377;0,701761006;FALSE
NEDD4;1,036459226;0,311360449;0,700315457;FALSE
PAFAH1B1;0,675587839;0,307769986;0,69443038;FALSE
PDE4D;1,237840311;0,306788219;0,694412698;FALSE
JOSD2;0,764747362;0,305077139;0,692738854;FALSE
ASB8;0,68904399;0,303281907;0,69086262;FALSE
PDZRN4;1,055477851;0,302917251;0,69086262;FALSE
TRIM65;0,745020224;0,30171108;0,69086262;FALSE
SOCS2;1,186603983;0,300673212;0,69086262;FALSE
WDSUB1;1,388508595;0,298345021;0,688414239;FALSE
PEX2;0,752050533;0,29828892;0,688414239;FALSE
OSTM1;1,412737157;0,293660589;0,682019544;FALSE
LRRC41;0,702626961;0,292510519;0,681568627;FALSE
LONRF1;0,976763989;0,289817672;0,677508197;FALSE
UBE2R2;0,678594304;0,28970547;0,677508197;FALSE
KLHL14;0,78096708;0,289424965;0,677508197;FALSE
TRIM72;0,766615905;0,285610098;0,674304636;FALSE
NEURL1;0,831090878;0,284992987;0,674304636;FALSE
RNF24;1,327637206;0,283646564;0,674133333;FALSE
SH3RF3;0,905945733;0,283618513;0,674133333;FALSE
UBE2K;1,186799243;0,282356241;0,674133333;FALSE
AIRE;1,188439249;0,281767181;0,674133333;FALSE
RNF213;1,143689851;0,280869565;0,674133333;FALSE
UBE2E2;1,407399186;0,280140252;0,674133333;FALSE
NEDD4L;0,723183473;0,275371669;0,667823129;FALSE
NANOGNB;0,769286343;0,274137447;0,667098976;FALSE
CDC16;0,578296509;0,271472651;0,662876712;FALSE
UBE2D2;1,360496873;0,27088359;0,662876712;FALSE
SOCS5;1,294409195;0,269621318;0,662876712;FALSE
FBXW8;1,299072385;0,268920056;0,662876712;FALSE
RNF182;1,246835378;0,266535764;0,659861111;FALSE
PPM1D;0,778856232;0,264347826;0,656724739;FALSE
BIRC2;0,726328561;0,262496494;0,654405594;FALSE
RNF11;0,694071299;0,2571669;0,643368421;FALSE
USP21;0,795083203;0,256633941;0,643368421;FALSE
ZBTB16;1,231583599;0,254782609;0,641908127;FALSE
SOCS3;0,820196533;0,253828892;0,64177305;FALSE
SIAH2;1,134700685;0,253576438;0,64177305;FALSE
SMURF1;0,744788738;0,252482468;0,64177305;FALSE
RBBP5;0,9758374;0,24973352;0,638207885;FALSE
OTUD1;1,375043167;0,249088359;0,638207885;FALSE
KLHL31;1,378251799;0,247573633;0,637256318;FALSE
RFPL4A;0,780226818;0,245974755;0,635434783;FALSE
RNF115;0,797382339;0,24516129;0,635434783;FALSE
ASB16;0,742127705;0,241430575;0,628248175;FALSE
HECW2;0,809244729;0,238653576;0,623296703;FALSE
USP7;0,765793237;0,237587658;0,622794118;FALSE
SMURF2;0,690684847;0,236998597;0,622794118;FALSE
RBBP6;0,815887932;0,2342777;0,618666667;FALSE
PSMD14;1,230058393;0,233828892;0,618666667;FALSE
BTBD1;0,82447845;0,233632539;0,618666667;FALSE
TNFAIP3;1,137515696;0,23200561;0,618666667;FALSE
KCTD6;1,505643201;0,231837307;0,618666667;FALSE
2-Mar;1,312252087;0,231837307;0,618666667;FALSE
TRAF7;1,446202757;0,230687237;0,618666667;FALSE
MNAT1;0,827776846;0,22970547;0,618666667;FALSE
KLHL12;1,009402669;0,228807854;0,618666667;FALSE
BIRC3;1,232275743;0,228527349;0,618666667;FALSE
PML;1,329195447;0,227461431;0,618666667;FALSE
TRIM50;0,891070202;0,227012623;0,618666667;FALSE
USP38;1,258836314;0,226760168;0,618666667;FALSE
MIB2;0,997460171;0,226227209;0,618666667;FALSE
FUS;0,52681068;0,2257223;0,618666667;FALSE
IRAK1;1,202552711;0,225610098;0,618666667;FALSE
9-Mar;0,878503007;0,225469846;0,618666667;FALSE
KLHL17;0,929989601;0,224600281;0,618666667;FALSE
KCTD5;1,543876122;0,224263675;0,618666667;FALSE
FBXL2;0,694434206;0,22342216;0,618666667;FALSE
ZNRF4;1,380593968;0,221514727;0,618666667;FALSE
CUL2;0,739558921;0,221318373;0,618666667;FALSE
UBE2Q2;1,410012685;0,221009818;0,618666667;FALSE
UBE2C;0,439413597;0,220140252;0,618666667;FALSE
ANAPC7;1,269989278;0,220112202;0,618666667;FALSE
MDM4;1,088676192;0,219831697;0,618666667;FALSE
ATG3;1,146119632;0,218120617;0,618666667;FALSE
USP19;0,701414342;0,217503506;0,618666667;FALSE
TRIM33;0,637482875;0,217251052;0,618666667;FALSE
ASB6;0,570169355;0,215371669;0,618666667;FALSE
UBE4A;0,873515447;0,214530154;0,618666667;FALSE
KLHL2;1,671543187;0,211332398;0,618666667;FALSE
KLHL32;1,14615584;0,211107994;0,618666667;FALSE
ZC3HC1;0,746111158;0,210603086;0,618666667;FALSE
FOXD4L4;1,121488955;0,209677419;0,618666667;FALSE
MKRN2;1,45479257;0,208415147;0,618666667;FALSE
USP45;0,736371089;0,207741935;0,618666667;FALSE
MID2;1,574449565;0,206704067;0,618666667;FALSE
USP13;0,842649778;0,203899018;0,618666667;FALSE
FBXL8;1,138627887;0,20345021;0,618666667;FALSE
RFWD2;0,741692293;0,202608696;0,618666667;FALSE
USP46;1,220039824;0,202412342;0,618666667;FALSE
USP11;0,750141487;0,202215989;0,618666667;FALSE
FBXL12;1,654528983;0,200645161;0,618666667;FALSE
DCAF4;0,756778068;0,196718093;0,618666667;FALSE
UBR5;0,706541074;0,194417952;0,616088889;FALSE
TRIM36;1,183921406;0,188695652;0,600625;FALSE
FBXO33;0,822270476;0,188330996;0,600625;FALSE
TRAF5;0,552964594;0,187882188;0,600625;FALSE
RNF133;1,562437726;0,187349229;0,600625;FALSE
DAZ2;1,403155008;0,186928471;0,600625;FALSE
DTX2;0,802453426;0,186535764;0,600625;FALSE
UHRF2;1,614002215;0,184964937;0,600625;FALSE
KLHL34;1,128187213;0,184796634;0,600625;FALSE
CBLB;1,41100721;0,18286115;0,600625;FALSE
RCBTB1;1,140675667;0,180701262;0,599255814;FALSE
UCHL3;0,78958793;0,180140252;0,599255814;FALSE
ZMIZ1;1,589115251;0,17657784;0,591079812;FALSE
UBE2S;0,682266885;0,175680224;0,590849057;FALSE
KATNB1;0,668402497;0,174109397;0,588341232;FALSE
WDTC1;1,252867073;0,173828892;0,588341232;FALSE
RNF41;0,736464483;0,170490884;0,581626794;FALSE
WDR76;0,822841479;0,170490884;0,581626794;FALSE
USP36;1,949523076;0,167349229;0,576425121;FALSE
KLHL9;0,789252923;0,16631136;0,575631068;FALSE
TRIM47;1,020409703;0,163141655;0,567414634;FALSE
UBE2E1;1,476573223;0,162468443;0,567414634;FALSE
DCAF11;1,321545363;0,162047686;0,567414634;FALSE
HERC5;0,853054645;0,160813464;0,567414634;FALSE
DCAF8;1,342973427;0,158681627;0,562885572;FALSE
TRAIP;1,293759422;0,157559607;0,5617;FALSE
WDR59;0,859907136;0,152145863;0,545125628;FALSE
UBE2O;0,800962738;0,151220196;0,544545455;FALSE
FBXW7;1,553146593;0,150631136;0,544545455;FALSE
KBTBD12;1,233900087;0,149340813;0,543265306;FALSE
USP10;1,504325457;0,149340813;0,543265306;FALSE
LRR1;0,550801908;0,148892006;0,543265306;FALSE
RMND5B;1,428554675;0,148639551;0,543265306;FALSE
RAB40B;1,546983227;0,148246844;0,543265306;FALSE
CIAO1;0,775013343;0,14802244;0,543265306;FALSE
FBXW5;0,760835486;0,1457223;0,543265306;FALSE
FBXO40;0,673502437;0,141262272;0,532910053;FALSE
HLTF;0,68257454;0,140448808;0,532659574;FALSE
FBXL19;0,901888594;0,138316971;0,527379679;FALSE
ZBTB18;0,609064377;0,136493689;0,523225806;FALSE
CUL5;1,339513372;0,134670407;0,519027027;FALSE
RNF169;1,208102958;0,133632539;0,517826087;FALSE
RPL4;1,404392844;0,132538569;0,516393443;FALSE
SH3RF2;1,293314796;0,130659187;0,511868132;FALSE
UBE2M;0,469865914;0,130518934;0,511868132;FALSE
PRC1;0,795057432;0,128246844;0,508;FALSE
ASB13;0,740141086;0,127713885;0,508;FALSE
OTULIN;0,721766318;0,12628331;0,505842697;FALSE
PIAS3;1,314137189;0,126255259;0,505842697;FALSE
UBE2N;0,769375884;0,122805049;0,4975;FALSE
PJA2;1,127491094;0,122103787;0,497485714;FALSE
ASB4;1,156691145;0,121374474;0,497356322;FALSE
ARIH1;0,70155381;0,120336606;0,495953757;FALSE
11-Mar;1,170722363;0,119747546;0,495953757;FALSE
ARIH2;1,563392847;0,11884993;0,495555556;FALSE
KDM2B;1,303381768;0,117868163;0,494352941;FALSE
UBE2J1;0,852290923;0,117503506;0,494352941;FALSE
FBXO30;2,111648371;0,11371669;0,482619048;FALSE
CBL;0,855775985;0,111612903;0,476526946;FALSE
IPP;1,381855678;0,110799439;0,475903614;FALSE
RC3H2;1,491026394;0,109481066;0,473090909;FALSE
USP29;1,397440904;0,104123422;0,452682927;FALSE
RPL12;0,650233105;0,103366059;0,452147239;FALSE
KLHL22;1,791250262;0,103197756;0,452147239;FALSE
RPL19;1,837366224;0,102720898;0,452147239;FALSE
FBXO10;0,728186743;0,102608696;0,452147239;FALSE
RNF122;0,674446834;0,100869565;0,452147239;FALSE
KLHL1;0,839319146;0,100252454;0,452147239;FALSE
USP41;1,464485101;0,098345021;0,446624204;FALSE
FBXO18;1,362108154;0,095119215;0,43474359;FALSE
TRIM46;0,871841649;0,091107994;0,419096774;FALSE
TRIM45;1,539141098;0,090995792;0,419096774;FALSE
MDM2;1,656615659;0,088779804;0,41372549;FALSE
UBE2J2;1,295560228;0,088218794;0,41372549;FALSE
CDC27;0,611694031;0,08684432;0,410066225;FALSE
CDC23;0,61579708;0,085890603;0,408266667;FALSE
TRIM4;0,666226937;0,084235624;0,403087248;FALSE
TRIM5;1,600301838;0,081318373;0,391756757;FALSE
GNB2;0,669816652;0,080785414;0,391756757;FALSE
TRIM71;1,737900073;0,08056101;0,391756757;FALSE
TRIM59;1,697443894;0,079775596;0,391756757;FALSE
TRAF6;0,579007703;0,076914446;0,380833333;FALSE
RNF220;1,497765654;0,07545582;0,376223776;FALSE
CBLL1;1,365461189;0,074586255;0,374507042;FALSE
MAP3K1;1,507071752;0,073071529;0,369503546;FALSE
BCL6B;1,489231041;0,070659187;0,359857143;FALSE
TRIM40;0,748337206;0,069396914;0,355971223;FALSE
DCAF15;1,385350539;0,068976157;0,355971223;FALSE
FBXO24;0,749147694;0,068218794;0,355036496;FALSE
7-Mar;0,707574123;0,068134642;0,355036496;FALSE
UBE2Q1;0,416385689;0,066535764;0,351407407;FALSE
NEURL1B;1,711773209;0,063814867;0,339552239;FALSE
SPSB2;1,137899514;0,063730715;0,339552239;FALSE
USP31;1,494108689;0,062524544;0,337727273;FALSE
UBA3;0,773196053;0,062468443;0,337727273;FALSE
TRIM32;1,680091166;0,061767181;0,337727273;FALSE
RNF186;0,649781759;0,06058906;0,334883721;FALSE
RNF10;1,33656575;0,059887798;0,33359375;FALSE
RNF44;1,164587293;0,05884993;0,330393701;FALSE
KCTD11;0,667449404;0,058204769;0,329365079;FALSE
FBXO31;0,616678777;0,057896213;0,329365079;FALSE
ANAPC13;0,753459817;0,057335203;0,329365079;FALSE
VHL;1,525651541;0,056493689;0,327479675;FALSE
NEURL3;0,604463687;0,054586255;0,319016393;FALSE
MSL2;0,475703561;0,051893408;0,305785124;FALSE
FBXO32;1,510272705;0,051248247;0,3045;FALSE
WDR61;0,830591106;0,049957924;0,299327731;FALSE
TRIM38;0,718725934;0,049284712;0,29779661;FALSE
RNF113B;0,599551705;0,048976157;0,29779661;FALSE
RNF113A;1,286337305;0,048807854;0,29779661;FALSE
ASB7;1,29064131;0,048723703;0,29779661;FALSE
VPS18;0,59897035;0,048246844;0,29779661;FALSE
MYLIP;0,445707409;0,04569425;0,288318584;FALSE
ASB18;1,306906169;0,045245442;0,288035714;FALSE
TRIM34;2,15430631;0,045245442;0,288035714;FALSE
DDB2;1,460380172;0,044852735;0,288035714;FALSE
SART1;0,496404181;0,043057504;0,281651376;FALSE
RAB40A;1,342234581;0,042917251;0,281651376;FALSE
KEAP1;0,534234883;0,038345021;0,255514019;FALSE
RFWD3;0,669761697;0,038316971;0,255514019;FALSE
RNF139;1,339915499;0,037363254;0,253714286;FALSE
RBBP4;0,456763451;0,036353436;0,249230769;FALSE
ENC1;1,967830383;0,035119215;0,243106796;FALSE
USP49;1,290350548;0,034950912;0,243106796;FALSE
ASB15;1,418877217;0,031809257;0,224554455;FALSE
USP22;0,617004607;0,031164095;0,2222;FALSE
WSB1;0,647613787;0,029957924;0,215757576;FALSE
MAGEA6;1,732279105;0,029873773;0,215757576;FALSE
CISH;1,878998557;0,029621318;0,215757576;FALSE
UBAC1;1,363119751;0,029621318;0,215757576;FALSE
1-Mar;1,31432755;0,028246844;0,212;FALSE
UBE2L6;0,590945201;0,027685835;0,21;FALSE
KLHL41;0,726216152;0,027461431;0,21;FALSE
USP17L2;0,652281492;0,027377279;0,21;FALSE
SKP2;0,670703277;0,026900421;0,21;FALSE
AMFR;0,630176401;0,026760168;0,21;FALSE
USP47;0,621921021;0,025638149;0,205393258;FALSE
SPSB1;1,666945372;0,024516129;0,198636364;FALSE
ANAPC2;0,707073228;0,024516129;0,198636364;FALSE
UBE3D;1,757076798;0,023730715;0,196744186;FALSE
CYLD;0,673612459;0,02345021;0,196705882;FALSE
PJA1;1,602589235;0,022524544;0,191190476;FALSE
CCNF;1,565550902;0,021879383;0,187951807;FALSE
CUL1;0,557027477;0,021767181;0,187951807;FALSE
UBE2H;2,0915084;0,020617111;0,181481481;FALSE
JOSD1;1,592140106;0,019382889;0,17275;FALSE
KLHL3;1,569772362;0,017110799;0,15443038;FALSE
OTUD7B;0,570350587;0,016942496;0,15443038;FALSE
PEX12;0,574176183;0,016774194;0,15443038;FALSE
3-Mar;1,946819114;0,016409537;0,153947368;FALSE
NACC1;0,582230399;0,015259467;0,145066667;FALSE
RING1;0,604058574;0,014754558;0,142162162;FALSE
USP50;1,548778513;0,014193548;0,138630137;FALSE
TRIM23;1,957916525;0,014081346;0,138630137;FALSE
USP8;1,564892724;0,013043478;0,130985915;FALSE
VCPIP1;1,90417487;0,01256662;0,128;FALSE
RHOBTB3;1,395424266;0,012258065;0,126666667;FALSE
RNF121;1,708602272;0,01200561;0,125882353;FALSE
RNF111;1,311177201;0,011472651;0,122089552;FALSE
RNF103;1,751440497;0,011051893;0,119393939;FALSE
KLHL20;0,573579739;0,010406732;0,114153846;FALSE
CUL9;1,690456735;0,010098177;0,1125;FALSE
RNF43;1,531768237;0,009789621;0,110793651;FALSE
CBLC;0,642463089;0,00973352;0,110793651;FALSE
NLE1;0,511830886;0,007601683;0,088852459;FALSE
RABGEF1;0,403417106;0,007573633;0,088852459;FALSE
RNF166;0,673559914;0,007321178;0,088474576;FALSE
RNF216;2,053434715;0,007237027;0,088474576;FALSE
UBE4B;0,422713351;0,006816269;0,085263158;FALSE
RNF128;1,454481039;0,006704067;0,085263158;FALSE
HERC1;0,577256853;0,006367461;0,082545455;FALSE
SPSB4;2,260379452;0,00628331;0,082545455;FALSE
KLHL7;1,775674219;0,006227209;0,082545455;FALSE
FBXO17;0,582903534;0,006115007;0,082545455;FALSE
USP16;0,561086072;0,006115007;0,082545455;FALSE
DTL;0,442310258;0,006030856;0,082545455;FALSE
MYC;0,381685963;0,005610098;0,081632653;FALSE
HECTD1;2,144253375;0,005329593;0,079166667;FALSE
RNF135;0,600798024;0,00516129;0,078297872;FALSE
SHPRH;1,835581947;0,00457223;0,070869565;FALSE
ERCC8;1,78878396;0,003534362;0,056;FALSE
ASB12;2,065844323;0,002889201;0,046818182;FALSE
WWP2;0,389515893;0,002720898;0,045116279;FALSE
RPL3;2,089595227;0,002524544;0,042857143;FALSE
RNF8;2,162781721;0,002440393;0,042439024;FALSE
XIAP;2,043040171;0,002187938;0,039;FALSE
TRIM73;0,446916735;0,002187938;0,039;FALSE
PIAS1;0,36577526;0,002103787;0,039;FALSE
TRIM26;0,497434706;0,002103787;0,039;FALSE
RNF208;0,422584891;0,001991585;0,039;FALSE
USP51;0,444321112;0,001823282;0,037142857;FALSE
TRIM74;0,410828581;0,001570827;0,032941176;FALSE
COPS5;0,432146319;0,00115007;0,024848485;FALSE
RNF25;2,234012342;0,00112202;0,024848485;FALSE
FBXL5;0,511808195;0,001037868;0,023870968;FALSE
PRPF19;0,377167606;0,001037868;0,023870968;FALSE
TRIM28;0,567092042;0,001037868;0,023870968;FALSE
USP34;0,606471871;0,001037868;0,023870968;FALSE
ELOB;0,372239154;9,82E-04;0,023870968;FALSE
HUWE1;0,477094973;8,98E-04;0,023870968;FALSE
UBE2I;0,361659841;7,29E-04;0,0208;FALSE
BAP1;2,455007926;5,89E-04;0,0175;FALSE
OTUB1;1,867048683;5,89E-04;0,0175;FALSE
MED8;0,428678015;3,93E-04;0,012727273;FALSE
OTUD5;2,54780387;3,93E-04;0,012727273;FALSE
CCIN;0,314983802;3,37E-04;0,012;FALSE
EP300;0,418780678;3,37E-04;0,012;FALSE
BRAP;0,457724469;2,81E-05;0,001111111;TRUE
CUL3;0,240290665;2,81E-05;0,001111111;TRUE
DCAF1;0,348509502;2,81E-05;0,001111111;TRUE
DCAF13;16,49462888;2,81E-05;0,001111111;TRUE
DCAF7;0,283070667;2,81E-05;0,001111111;TRUE
ELOC;0,360612857;2,81E-05;0,001111111;TRUE
KCMF1;20,38406449;2,81E-05;0,001111111;TRUE
RICTOR;0,447350456;2,81E-05;0,001111111;TRUE
RNF14;2,935584625;2,81E-05;0,001111111;TRUE
SMU1;0,303179351;2,81E-05;0,001111111;TRUE
UBE2A;9,278957175;2,81E-05;0,001111111;TRUE
UBE2B;3,006025612;2,81E-05;0,001111111;TRUE
UBE3C;3,438421858;2,81E-05;0,001111111;TRUE
UBR2;4,474392146;2,81E-05;0,001111111;TRUE
UBR4;12,39679326;2,81E-05;0,001111111;TRUE
USP14;2,173671775;2,81E-05;0,001111111;TRUE
USP5;3,708681876;2,81E-05;0,001111111;TRUE
USP9X;0,310227195;2,81E-05;0,001111111;TRUE
